,cae_mean,cae_std,ce_mean,ce_std
0.0,148.52972466105734,2.842170943040401e-14,97.87515195831656,0.0
0.0025,152.46992829568896,3.0150640536419555,112.67830497331917,2.352129668298891
0.005,162.56269123982074,5.991527705594399,146.51025188855826,4.622908097855234
0.0075,172.9452734699358,9.295353376831605,190.69308831453324,9.297243592766367
0.01,185.89504082283347,12.564626212703935,235.5935444176942,11.354323454687753
0.02,262.30241546008045,19.13300340372863,397.957722395435,13.207478848567415
0.03,338.5598961312051,32.0177506911118,496.1083590518683,20.21047559535594
