,cae_mean,cae_std,ce_mean,ce_std
0.0,148.52969669411436,2.842170943040401e-14,97.87515185773373,0.0
0.0025,153.25946503604519,2.862929123379894,112.80884611405432,1.9873238716232713
0.005,162.02818671186196,5.385161184170853,146.462183233127,5.991924088912639
0.0075,175.27474504512637,9.637227429946016,188.99679738894105,8.076715053606355
0.01,189.342592995696,10.58096349973194,237.56092591822147,11.926038270380008
0.02,261.9676437738337,22.073386154344174,399.9563738041371,16.180203251397074
0.03,338.7158616690977,26.860922494276586,501.96903775043785,20.78864878396201
