,cae_mean,cae_std,ce_mean,ce_std
0.0,29.510398153762786,3.552713678800501e-15,92.10780131816864,0.0
0.0025,53.58416526491701,2.3372479339366823,218.82491812601685,13.35873839681304
0.005,89.40271046274341,5.2232875467949995,365.88559855535624,20.477039549119965
0.0075,128.05570928498207,7.942346707838241,455.7338687540591,16.542115698260965
0.01,168.60588057508957,13.223634971334379,515.615438310653,16.329881108618288
0.02,301.55102877746697,32.64513079586847,624.8814679078757,15.251525362473902
0.03,434.15551062496996,52.77462159033413,671.752302326411,14.8371345711901
